<?xml version="1.0" encoding="UTF-8"?>
<package xmlns="http://pear.php.net/dtd/package-2.1" xmlns:tasks="http://pear.php.net/dtd/tasks-1.0" xmlns:xsi="http://www.w3.org/2001/XMLSchema-instance" version="2.1" xsi:schemaLocation="http://pear.php.net/dtd/tasks-1.0     http://pear.php.net/dtd/tasks-1.0.xsd     http://pear.php.net/dtd/package-2.1     http://pear.php.net/dtd/package-2.1.xsd" packagerversion="2.0.0a1">
 <name>Savvy_Turbo</name>
 <channel>phpsavant.com</channel>
 <summary>Savvy_Turbo adds output caching to Savvy rendered content
</summary>
 <description>
Savvy content can be cached for faster rendering. Savvy_Turbo allows rendered
content to be cached, and recalled for subsequent requests. For basic use,
instead of creating a new Savvy object, create a Savvy_Turbo object. In models
you'd like to have cached, implement the CacheableInterface.</description>
 <lead>
  <name>Brett Bieber</name>
  <user>saltybeagle</user>
  <email>saltybeagle@php.net</email>
  <active>yes</active>
 </lead>
 <date>2010-11-19</date>
 <time>14:06:11</time>
 <version>
  <release>0.1.0</release>
  <api>0.1.0</api>
 </version>
 <stability>
  <release>alpha</release>
  <api>alpha</api>
 </stability>
 <license uri="http://www.opensource.org/licenses/bsd-license.php">New BSD License</license>
 <notes>Package Savvy_Turbo release notes for version 0.1.0.

Package Savvy_Turbo API release notes for version 0.1.0.</notes>
 <contents>
  <dir name="/">
   <file role="php" name="php/Savvy/Turbo/PostRunReplacements.php"/>
   <file role="php" name="php/Savvy/Turbo/CacheInterface/UNLCacheLite.php"/>
   <file role="php" name="php/Savvy/Turbo/CacheInterface/Mock.php"/>
   <file role="php" name="php/Savvy/Turbo/CacheInterface/CacheLite.php"/>
   <file role="php" name="php/Savvy/Turbo/CacheInterface.php"/>
   <file role="php" name="php/Savvy/Turbo/CacheableInterface.php"/>
   <file role="php" name="php/Savvy/Turbo.php"/>
  </dir>
 </contents>
 <dependencies>
  <required>
   <php>
    <min>5.2.0</min>
   </php>
   <pearinstaller>
    <min>2.0.0a1</min>
   </pearinstaller>
  </required>
 </dependencies>
 <phprelease/>
</package>
